,TY-001,13010001,จักรอุตสาหกรรม (เข็มเดี่ยว),ASP,Typical,GC2060-1-D2,"Motor : 200-240v 550W 3A 4P 3,000 rpm",,1,เย็บเบาะรถยนต์,,,บ.บราเดอร์เซลล์ แอนด์ เซอร์วิส จำกัด,74500,02-6217777,14/2/2556,16/2/2556,16/2/2556,active,คัน,,,
,TY-002,13010002,จักรอุตสาหกรรม (เข็มเดี่ยว),ASP,Typical,GC2060-1-D2,"Motor : 200-240v 550W 3A 4P 3,000 rpm",,1,เย็บเบาะรถยนต์,,,บ.บราเดอร์เซลล์ แอนด์ เซอร์วิส จำกัด,74500,02-6217777,14/2/2556,16/2/2556,16/2/2556,active,คัน,,,
,TY-003,13010003,จักรอุตสาหกรรม (เข็มเดี่ยว),ASP,Typical,GC2060-1-D2,"Motor : 200-240v 550W 3A 4P 3,000 rpm",,1,เย็บเบาะรถยนต์,,,บ.บราเดอร์เซลล์ แอนด์ เซอร์วิส จำกัด,74500,02-6217777,14/2/2556,16/2/2556,16/2/2556,active,คัน,,,
,TY-004,13010004,จักรอุตสาหกรรม (เข็มเดี่ยว),ASP,Typical,GC2060-1-D2,"Motor : 200-240v 550W 3A 4P 3,000 rpm",,1,เย็บเบาะรถยนต์,,,บ.บราเดอร์เซลล์ แอนด์ เซอร์วิส จำกัด,74500,02-6217777,14/2/2556,16/2/2556,16/2/2556,active,คัน,,,
,TY-005,13010005,จักรอุตสาหกรรม (เข็มเดี่ยว),ASP,Typical,GC2060-1-D2,"Motor : 200-240v 550W 3A 4P 3,000 rpm",,1,เย็บเบาะรถยนต์,,,บ.บราเดอร์เซลล์ แอนด์ เซอร์วิส จำกัด,74500,02-6217777,14/2/2556,16/2/2556,16/2/2556,active,คัน,,,
,TY-006,13010005,จักรอุตสาหกรรม (เข็มเดี่ยว),ASP,Typical,GC2060-1-D2,"Motor : 200-240v 550W 3A 4P 3,000 rpm",,1,เย็บเบาะรถยนต์,,,บ.บราเดอร์เซลล์ แอนด์ เซอร์วิส จำกัด,74500,02-6217777,14/2/2556,16/2/2556,16/2/2556,active,คัน,,,
,TY-007,13010007,จักรอุตสาหกรรม (เข็มเดี่ยว),ASP,Typical,GC2060-1-D2,"Motor : 200-240v 550W 3A 4P 3,000 rpm",,1,เย็บเบาะรถยนต์,,,บ.บราเดอร์เซลล์ แอนด์ เซอร์วิส จำกัด,74500,02-6217777,14/2/2556,16/2/2556,16/2/2556,active,คัน,,,
,TY-008,13010008,จักรอุตสาหกรรม (เข็มเดี่ยว),ASP,Typical,GC2060-1-D2,"Motor : 200-240v 550W 3A 4P 3,000 rpm",,1,เย็บเบาะรถยนต์,,,บ.บราเดอร์เซลล์ แอนด์ เซอร์วิส จำกัด,74500,02-6217777,14/2/2556,16/2/2556,16/2/2556,active,คัน,,,
,TY-009,13010009,จักรอุตสาหกรรม (เข็มเดี่ยว),ASP,Typical,GC2060-1-D2,"Motor : 200-240v 550W 3A 4P 3,000 rpm",,1,เย็บเบาะรถยนต์,,,บ.บราเดอร์เซลล์ แอนด์ เซอร์วิส จำกัด,74500,02-6217777,14/2/2556,16/2/2556,16/2/2556,active,คัน,,,
,TY-010,13010010,จักรอุตสาหกรรม (เข็มเดี่ยว),ASP,Typical,GC2060-1-D2,"Motor : 200-240v 550W 3A 4P 3,000 rpm",,1,เย็บเบาะรถยนต์,,,บ.บราเดอร์เซลล์ แอนด์ เซอร์วิส จำกัด,74500,02-6217777,14/2/2556,16/2/2556,16/2/2556,active,คัน,,,
,TY-011,13010011,จักรอุตสาหกรรม (เข็มเดี่ยว),ASP,Typical,GC2060-1-D2,"Motor : 200-240v 550W 3A 4P 3,000 rpm",,1,เย็บเบาะรถยนต์,,,บ.บราเดอร์เซลล์ แอนด์ เซอร์วิส จำกัด,74500,02-6217777,14/2/2556,16/2/2556,16/2/2556,active,คัน,,,
,TY-012,13010012,จักรอุตสาหกรรม (เข็มเดี่ยว),ASP,Typical,GC2060-1-D2,"Motor : 200-240v 550W 3A 4P 3,000 rpm",,1,เย็บเบาะรถยนต์,,,บ.บราเดอร์เซลล์ แอนด์ เซอร์วิส จำกัด,74500,02-6217777,14/2/2556,16/2/2556,16/2/2556,active,คัน,,,
,TY-013,13010013,จักรอุตสาหกรรม (เข็มเดี่ยว),ASP,Typical,GC2060-1-D2,"Motor : 200-240v 550W 3A 4P 3,000 rpm",,1,เย็บเบาะรถยนต์,,,บ.บราเดอร์เซลล์ แอนด์ เซอร์วิส จำกัด,74500,02-6217777,14/2/2556,16/2/2556,16/2/2556,active,คัน,,,
,TY-014,13010014,จักรอุตสาหกรรม (เข็มเดี่ยว),ASP,Typical,GC2060-1-D2,"Motor : 200-240v 550W 3A 4P 3,000 rpm",,1,เย็บเบาะรถยนต์,,,บ.บราเดอร์เซลล์ แอนด์ เซอร์วิส จำกัด,74500,02-6217777,14/2/2556,16/2/2556,16/2/2556,active,คัน,,,
,TY-015,13010015,จักรอุตสาหกรรม (เข็มเดี่ยว),ASP,Typical,GC2060-1-D2,"Motor : 200-240v 550W 3A 4P 3,000 rpm",,1,เย็บเบาะรถยนต์,,,บ.บราเดอร์เซลล์ แอนด์ เซอร์วิส จำกัด,74500,02-6217777,14/2/2556,16/2/2556,16/2/2556,active,คัน,,,
,TY-016,13010016,จักรอุตสาหกรรม (เข็มเดี่ยว),ASP,Typical,GC2060-1-D2,"Motor : 200-240v 550W 3A 4P 3,000 rpm",,1,เย็บเบาะรถยนต์,,,บ.บราเดอร์เซลล์ แอนด์ เซอร์วิส จำกัด,74500,02-6217777,14/2/2556,16/2/2556,16/2/2556,active,คัน,,,
,TY-017,13010017,จักรอุตสาหกรรม (เข็มเดี่ยว),ASP,Typical,GC2060-1-D2,"Motor : 200-240v 550W 3A 4P 3,000 rpm",,1,เย็บเบาะรถยนต์,,,บ.บราเดอร์เซลล์ แอนด์ เซอร์วิส จำกัด,74500,02-6217777,14/2/2556,16/2/2556,16/2/2556,active,คัน,,,
,TY-018,13010018,จักรอุตสาหกรรม (เข็มเดี่ยว),ASP,Typical,GC2060-1-D2,"Motor : 200-240v 550W 3A 4P 3,000 rpm",,1,เย็บเบาะรถยนต์,,,บ.บราเดอร์เซลล์ แอนด์ เซอร์วิส จำกัด,74500,02-6217777,14/2/2556,16/2/2556,16/2/2556,active,คัน,,,
,TY-019,13010019,จักรอุตสาหกรรม (เข็มเดี่ยว),ASP,Typical,GC2060-1-D2,"Motor : 200-240v 550W 3A 4P 3,000 rpm",,1,เย็บเบาะรถยนต์,,,บ.บราเดอร์เซลล์ แอนด์ เซอร์วิส จำกัด,74500,02-6217777,14/2/2556,16/2/2556,16/2/2556,active,คัน,,,
,TY-020,13010020,จักรอุตสาหกรรม (เข็มเดี่ยว),ASP,Typical,GC2060-1-D2,"Motor : 200-240v 550W 3A 4P 3,000 rpm",,1,เย็บเบาะรถยนต์,,,บ.บราเดอร์เซลล์ แอนด์ เซอร์วิส จำกัด,74500,02-6217777,14/2/2556,16/2/2556,16/2/2556,active,คัน,,,
,SE-018,55807,จักรอุตสาหกรรม (เข็มคู่),ASP,Mitsubishi,Lu2-4420-BOB,"Motor 250 w , 1/4 HP ",,1,เย็บเบาะรถยนต์,,,,,,,25/5/2547,25/5/2547,active,คัน,,,
,SE-025,,จักรอุตสาหกรรม ,ASP,Mitsubishi,Lu2-4400-BOB,"Motor 250 w , 1/4 HP ",,1,เย็บเบาะรถยนต์,,,,,,,11/6/2546,11/6/2546,active,คัน,,,
,SE-030,620004,จักรอุตสาหกรรม (เข็มคู่),ASP,Mitsubishi,Lu2-4420-BOB,"Motor 250 w , 1/4 HP ",,1,เย็บเบาะรถยนต์,,,,,,,16/6/2547,16/6/2547,active,คัน,,,
,SE-077,4Y0900,จักรอุตสาหกรรม (เข็มคู่),ASP,Mitsubishi,Lu2-4420-BOB,"Motor 250 w , 1/4 HP ",,1,เย็บเบาะรถยนต์,,,,,,,11/6/2546,11/6/2546,active,คัน,,,
,SE-084,,จักรอุตสาหกรรม (เข็มคู่),ASP,Mitsubishi,Lu2-420-BOB,Motor : Dol-12 / 2A 220w 2850 rpm,,1,เย็บเบาะรถยนต์,,,คุณ สมศักดิ์ ปล่องแก้ว (ช่างเล็ก),,081-8240655,,27/10/2550,27/10/2550,active,คัน,,,
,SE-105,,จักรอุตสาหกรรม ,ASP,,Pfaff : 3811,,,1,เย็บเบาะรถยนต์,,,,,,,25/8/2541,25/8/2541,active,คัน,,,
,SE-110,983220,จักรอุตสาหกรรม ,ASP,Mitsubishi,Lu2-400-BOB,"Motor 250 w , 1/4 HP ",,1,เย็บเบาะรถยนต์,,,มานะชัย,,,6/12/2546,6/12/2546,6/12/2546,active,คัน,,,
,SE-112,,จักรอุตสาหกรรม ,ASP,Mitsubishi,Lu2-4400-BOB,"Motor 250 w , 1/4 HP ",,1,เย็บเบาะรถยนต์,,,มานะชัย,29500,,6/12/2546,6/12/2546,6/12/2546,active,คัน,,,
,SE-117,0X4027,จักรอุตสาหกรรม ,ASP,Mitsubishi,Lu2-400-BOB,"Motor 250 w , 1/4 HP ",,1,เย็บเบาะรถยนต์,,,,,,,26/12/2547,26/12/2547,active,คัน,,,
,SE-121,992080,จักรอุตสาหกรรม ,ASP,Mitsubishi,Lu2-4400-BOB,"Motor 250 w , 1/4 HP ",,1,เย็บเบาะรถยนต์,,,,,,,9/12/2542,9/12/2542,active,คัน,,,
,SE-122,992079,จักรอุตสาหกรรม ,ASP,Mitsubishi,Lu2-4400-BOB,"Motor 250 w , 1/4 HP ",,1,เย็บเบาะรถยนต์,,,,,,,9/12/2542,9/12/2542,active,คัน,,,
,SE-127,992072,จักรอุตสาหกรรม ,ASP,Mitsubishi,Lu2-4400-BOB,"Motor 250 w , 1/4 HP ",,1,เย็บเบาะรถยนต์,,,,,,,9/12/2542,9/12/2542,active,คัน,,,
,SE-128,992077,จักรอุตสาหกรรม ,ASP,Mitsubishi,Lu2-4400-BOB,"Motor 250 w , 1/4 HP ",,1,เย็บเบาะรถยนต์,,,,,,,9/12/2542,9/12/2542,active,คัน,,,
,SE-135,,จักรอุตสาหกรรม ,ASP,Mitsubishi,Lu2-4400-BOB,"Motor 250 w , 1/4 HP ",,1,เย็บเบาะรถยนต์,,,,30000,,,31/1/2547,31/1/2547,active,คัน,,,
,SE-138,,จักรอุตสาหกรรม ,ASP,Mitsubishi,Lu2-4400-BOB,"Motor 250 w , 1/4 HP ",,1,เย็บเบาะรถยนต์,,,,30000,,,31/1/2547,31/1/2547,active,คัน,,,
,SE-140,992066,จักรอุตสาหกรรม ,ASP,Mitsubishi,Lu2-4400-BOB,"Motor 250 w , 1/4 HP ",,1,เย็บเบาะรถยนต์,,,,30000,,,31/1/2547,31/1/2547,active,คัน,,,
,SE-145,992066,จักรอุตสาหกรรม ,ASP,Mitsubishi,Lu2-4400-BOB,"Motor 250 w , 1/4 HP ",,1,เย็บเบาะรถยนต์,,,,,,,3/4/2543,3/4/2543,active,คัน,,,
,SE-149,9Y2275,จักรอุตสาหกรรม ,ASP,Mitsubishi,Lu2-4400-BOB,"Motor 250 w , 1/4 HP ",,1,เย็บเบาะรถยนต์,,,,,,,3/4/2543,3/4/2543,active,คัน,,,
,SE-150,9Y2274,จักรอุตสาหกรรม ,ASP,Mitsubishi,Lu2-4400-BOB,"Motor 250 w , 1/4 HP ",,1,เย็บเบาะรถยนต์,,,,,,,3/4/2543,3/4/2543,active,คัน,,,
,SE-152,9Y2268,จักรอุตสาหกรรม ,ASP,Mitsubishi,Lu2-4400-BOB,"Motor 250 w , 1/4 HP ",,1,เย็บเบาะรถยนต์,,,,,,,3/4/2543,3/4/2543,active,คัน,,,
,SE-165,9X2189,จักรอุตสาหกรรม ,ASP,Mitsubishi,Lu2-4400-BOB,"Motor 250 w , 1/4 HP ",,1,เย็บเบาะรถยนต์,,,,,,,3/4/2543,3/4/2543,active,คัน,,,
,SE-171,9Y2277,จักรอุตสาหกรรม ,ASP,Mitsubishi,Lu2-4400-BOB,"Motor 250 w , 1/4 HP 2,880 rpm",,1,เย็บเบาะรถยนต์,,,,,,,3/4/2543,3/4/2543,active,คัน,,,
,SE-172,9X2218,จักรอุตสาหกรรม ,ASP,Mitsubishi,Lu2-4400-BOB,"Motor 250 w , 1/4 HP 2,880 rpm",,1,เย็บเบาะรถยนต์,,,,,,,3/4/2543,3/4/2543,active,คัน,,,
,SE-174,9Y3771,จักรอุตสาหกรรม (เข็มคู่),ASP,Mitsubishi,Lu2-4420-BOB,"Motor 250 w , 1/4 HP 2,880 rpm",,1,เย็บเบาะรถยนต์,,,,,,,3/4/2543,3/4/2543,active,คัน,,,
,SE-176,9Y3772,จักรอุตสาหกรรม (เข็มคู่),ASP,Mitsubishi,Lu2-4420-BOB,"Motor 250 w , 1/4 HP 2,880 rpm",,1,เย็บเบาะรถยนต์,,,,,,,3/4/2543,3/4/2543,active,คัน,,,
,SE-177,9Y3775,จักรอุตสาหกรรม (เข็มคู่),ASP,Mitsubishi,Lu2-4420-BOB,"Motor 250 w , 1/4 HP 2,880 rpm",,1,เย็บเบาะรถยนต์,,,,,,,3/4/2543,3/4/2543,active,คัน,,,
,SE-179,9Y3773,จักรอุตสาหกรรม (เข็มคู่),ASP,Mitsubishi,Lu2-4420-BOB,"Motor 250 w , 1/4 HP 2,880 rpm",,1,เย็บเบาะรถยนต์,,,,,,,3/4/2543,3/4/2543,active,คัน,,,
,SE-201,092771,จักรอุตสาหกรรม (เข็มคู่),ASP,Mitsubishi,Lu2-4420-BOB,"Motor 250 w , 1/4 HP 2,880 rpm",,1,เย็บเบาะรถยนต์,,,,,,,2/1/2546,2/1/2546,active,คัน,,,
,SE-240,782286,จักรอุตสาหกรรม (เข็มคู่),ASP,Mitsubishi,Lu2-4420-BOB,"Motor 250 w , 1/4 HP 2,880 rpm",,1,เย็บเบาะรถยนต์,,,,,,,18/7/2546,18/7/2546,active,คัน,,,
,SE-241,4X0779,จักรอุตสาหกรรม (เข็มคู่),ASP,Mitsubishi,Lu2-4420-BOB,Motor 250 w 1/4 HP,,1,เย็บเบาะรถยนต์,,,,,,,18/7/2546,18/7/2546,active,คัน,,,
,SE-243,4X0777,จักรอุตสาหกรรม (เข็มคู่),ASP,Mitsubishi,Lu2-4420-BOB,Motor 250 w 1/4 HP,,1,เย็บเบาะรถยนต์,,,ห.จ.ก มานะชัยรวมจักร,29500,,11/11/2546,11/11/2546,11/11/2546,active,คัน,,,
,SE-244,,จักรอุตสาหกรรม (เข็มคู่),ASP,Mitsubishi,Lu2-4420-BOB,Motor 250 w 1/4 HP,,1,เย็บเบาะรถยนต์,,,ห.จ.ก มานะชัยรวมจักร,29500,,11/11/2546,11/11/2546,11/11/2546,active,คัน,,,
,SE-247,4X0780,จักรอุตสาหกรรม ,ASP,Mitsubishi,Lu2-4420-BOB,Motor 250 w 1/4 HP,,1,เย็บเบาะรถยนต์,,,ห.จ.ก มานะชัยรวมจักร,29500,,11/11/2546,11/11/2546,11/11/2546,active,คัน,,,
,SE-251,711325,จักรอุตสาหกรรม ,ASP,Mitsubishi,Lu2-400-BOB,Motor 250 w 1/4 HP,,1,เย็บเบาะรถยนต์,,,ห.จ.ก มานะชัยรวมจักร,24000,,11/11/2546,11/11/2546,11/11/2546,active,คัน,,,
,SE-255,2X4989,จักรอุตสาหกรรม ,ASP,Mitsubishi,Lu2-400-BOB,Motor 250 w 1/4 HP,,1,เย็บเบาะรถยนต์,,,ห.จ.ก มานะชัยรวมจักร,24000,,11/11/2546,11/11/2546,11/11/2546,active,คัน,,,
,SE-265,5983976,จักรอุตสาหกรรม  (พ้ง),ASP,Pegasus,R53-01,Motor 250 w,,1,เย็บเบาะรถยนต์,,,ห.จ.ก มานะชัยรวมจักร,8800,,28/11/2546,28/11/2546,28/11/2546,active,คัน,,,
,SE-270,,จักรอุตสาหกรรม ,ASP,Mitsubishi,Lu2-4400-BOB,"Motor 250w , 1/4 HP",,1,เย็บเบาะรถยนต์,,,,30000,,,13/2/2547,13/2/2547,active,คัน,,,
,SE-272,,จักรอุตสาหกรรม ,ASP,Mitsubishi,Lu2-4400-BOB,"Motor 250w , 1/4 HP",,1,เย็บเบาะรถยนต์,,,,30000,,,13/2/2547,13/2/2547,active,คัน,,,
,SE-273,,จักรอุตสาหกรรม ,ASP,Mitsubishi,Lu2-4400-BOB,"Motor 250w , 1/4 HP",,1,เย็บเบาะรถยนต์,,,,30000,,,21/2/2547,21/2/2547,active,คัน,,,
,SE-276,4X0750,จักรอุตสาหกรรม ,ASP,Mitsubishi,Lu2-4400-BOB,"Motor 250w , 1/4 HP",,1,เย็บเบาะรถยนต์,,,,30000,,,21/2/2547,21/2/2547,active,คัน,,,
,SE-277,,จักรอุตสาหกรรม ,ASP,Mitsubishi,Lu2-4400-BOB,"Motor 250w , 1/4 HP",,1,เย็บเบาะรถยนต์,,,,30000,,,21/2/2547,21/2/2547,active,คัน,,,
,SE-283,,จักรอุตสาหกรรม ,ASP,Mitsubishi,Lu2-400-BOB,"Motor 250w , 1/4 HP",,1,เย็บเบาะรถยนต์,,,,30000,,24/2/2547,24/2/2547,24/2/2547,active,คัน,,,
,SE-285,0X3967,จักรอุตสาหกรรม ,ASP,Mitsubishi,Lu2-400-BOB,"Motor 250w , 1/4 HP",,1,เย็บเบาะรถยนต์,,,ห.จ.ก มานะชัยรวมจักร,,,25/4/2550,25/4/2550,25/4/2550,active,คัน,,,
,SE-288,,จักรอุตสาหกรรม ,ASP,Mitsubishi,Lu2-400-BOB,"Motor 250w , 1/4 HP",,1,เย็บเบาะรถยนต์,,,,,,2/5/2550,2/5/2550,15/5/2550,active,คัน,,,
,SE-293,,จักรอุตสาหกรรม ,ASP,Mitsubishi,Lu2-400-BOB,"Motor 250w , 1/4 HP",,1,เย็บเบาะรถยนต์,,,,,,2/5/2550,2/5/2550,15/5/2550,active,คัน,,,
,SE-295,,จักรอุตสาหกรรม ,ASP,Mitsubishi,Lu2-400-BOB,"Motor 250w , 1/4 HP",,1,เย็บเบาะรถยนต์,,,,,,2/5/2550,2/5/2550,15/5/2550,active,คัน,,,
,SE-298,,จักรอุตสาหกรรม ,ASP,Mitsubishi,Lu2-400-BOB,"Motor 250w , 1/4 HP",,1,เย็บเบาะรถยนต์,,,,,,2/5/2550,2/5/2550,15/5/2550,active,คัน,,,
,SE-299,,จักรอุตสาหกรรม ,ASP,Mitsubishi,Lu2-400-BOB,"Motor 250w , 1/4 HP",,1,เย็บเบาะรถยนต์,,,,,,2/5/2550,2/5/2550,15/5/2550,active,คัน,,,
,SE-303,,จักรอุตสาหกรรม (เข็มคู่),ASP,Mitsubishi,Lu2-4420-BOB,"Motor 250w , 1/4 HP",,1,เย็บเบาะรถยนต์,,,ห.จ.ก มานะชัยรวมจักร,,,3/5/2550,3/5/2550,15/5/2550,active,คัน,,,
,SE-305,,จักรอุตสาหกรรม (เข็มคู่),ASP,Mitsubishi,Lu2-4420-BOB,"Motor 250w , 1/4 HP",,1,เย็บเบาะรถยนต์,,,,,,3/5/2550,3/5/2550,15/5/2550,active,คัน,,,
,SE-309,7Y2503,จักรอุตสาหกรรม (เข็มคู่),ASP,Mitsubishi,Lu2-4420-BOB,"Motor 250w , 1/4 HP",,1,เย็บเบาะรถยนต์,,,ห.จ.ก มานะชัยรวมจักร,,02-2258966,27/7/2550,27/7/2550,3/8/2550,active,คัน,,,
,SE-312,9227-7,จักรอุตสาหกรรม (เข็มคู่),ASP,Mitsubishi,Lu2-4420-BOB,"Motor 250w , 1/4 HP",,1,เย็บเบาะรถยนต์,,,ห.จ.ก มานะชัยรวมจักร,,02-2258966,27/7/2550,27/7/2550,3/8/2550,active,คัน,,,
,SE-313,0322581,จักรโพ้ง,ASP,Pegasus,M852-13H,,,1,เย็บเบาะรถยนต์,,"Pegasus sewing machine MFG,CO,LTD",บ.พาราวินเซอร์ จำกัด,30000,02-2258966,8/11/2557,10/11/2557,10/11/2557,active,คัน,,,
,SE-317,0650437,จักรโพ้ง,ASP,Pegasus,M952-17-4 ,,,1,เย็บเบาะรถยนต์,,"Pegasus sewing machine MFG,CO,LTD",บ.พาราวินเซอร์ จำกัด,33220,081-4435042,12/5/2559,,12/5/2559,active,คัน,,,
,SE-318,0650444,จักรโพ้ง,ASP,Pegasus,M952-17-4 ,,,1,เย็บเบาะรถยนต์,,"Pegasus sewing machine MFG,CO,LTD",บ.พาราวินเซอร์ จำกัด,33220,081-4435042,12/5/2559,,12/5/2559,active,คัน,,,
,SE-319,0650451,จักรโพ้ง,ASP,Pegasus,M952-17-4 ,,,1,เย็บเบาะรถยนต์,,"Pegasus sewing machine MFG,CO,LTD",บ.พาราวินเซอร์ จำกัด,33220,081-4435042,12/5/2559,,12/5/2559,active,คัน,,,
,SE-332,0683988,จักรโพ้ง,ASP,Pegasus,M952-17-4 / D22Z,,,1,เย็บเบาะรถยนต์,,"Pegasus sewing machine MFG,CO,LTD",บ.พาราวินเซอร์ จำกัด,27500,02-6375000 / K'ณัฐรินีย์ (วา),28/6/2561,28/6/2561,28/6/2561,active,คัน,,,
,SE-333,0879414,จักรโพ้ง,ASP,Pegasus,M952-17-4 / D22Z,"1/3 HP 2,850 rpm",,1,เย็บเบาะรถยนต์,,"Pegasus sewing machine MFG,CO,LTD",บ.พาราวินเซอร์ จำกัด,27500,02-6375000 / K'ณัฐรินีย์ (วา),24/9/2561,24/9/2561,24/9/2561,active,คัน,,,
,SE-334,0879423,จักรโพ้ง,ASP,Pegasus,M952-17-4 / D22Z,"1/3 HP 2,850 rpm",,1,เย็บเบาะรถยนต์,,"Pegasus sewing machine MFG,CO,LTD",บ.พาราวินเซอร์ จำกัด,27500,02-6375000 / K'ณัฐรินีย์ (วา),24/9/2561,24/9/2561,24/9/2561,active,คัน,,,
,SE-335,0886292,จักรโพ้ง,ASP,Pegasus,M952-17-4 / D22Z,550w / 15A,,1,เย็บเบาะรถยนต์,,"Pegasus sewing machine MFG,CO,LTD",บ.พาราวินเซอร์ จำกัด,"28,920",02-6375000 / K'ณัฐรินีย์ (วา),25/3/2562,26/3/2562,26/3/2562,active,คัน,,,
,SE-336,0886294,จักรโพ้ง,ASP,Pegasus,M952-17-4 / D22Z,550w / 15A,,1,เย็บเบาะรถยนต์,,"Pegasus sewing machine MFG,CO,LTD",บ.พาราวินเซอร์ จำกัด,"28,920",02-6375000 / K'ณัฐรินีย์ (วา),25/3/2562,26/3/2562,26/3/2562,active,คัน,,,
,CS-001,254921,sewing machine ,ASP,Mitsubishi,Lu2-4410-BIT,,,1,เย็บเบาะรถยนต์,,,,,,,12/12/2554,12/12/2554,active,คัน,,,
,CS-002,9X2599,sewing machine ,ASP,Mitsubishi,Lu2-4410-BIT,,,1,เย็บเบาะรถยนต์,,,,,,,12/12/2554,19/12/2554,active,คัน,,,
,CS-003,9X2586,sewing machine ,ASP,Mitsubishi,Lu2-4410-BIT,,,1,เย็บเบาะรถยนต์,,,,,,,12/12/2554,19/12/2554,active,คัน,,,
,CS-004,1Y4558,sewing machine ,ASP,Mitsubishi,Lu2-4410-BIT,,,1,เย็บเบาะรถยนต์,,,,,,,12/12/2554,19/12/2554,active,คัน,,,
,CS-005,9X2582,sewing machine ,ASP,Mitsubishi,Lu2-4410-BIT,,,1,เย็บเบาะรถยนต์,,,,,,,12/12/2554,19/12/2554,active,คัน,,,
,CS-006,325263,sewing machine ,ASP,Mitsubishi,Lu2-4410-BIT,,,1,เย็บเบาะรถยนต์,,,,,,,12/12/2554,19/12/2554,active,คัน,,,
,CS-007,9X2592,sewing machine ,ASP,Mitsubishi,Lu2-4410-BIT,,,1,เย็บเบาะรถยนต์,,,,,,,12/12/2554,19/12/2554,active,คัน,,,
,CS-008,,sewing machine ,ASP,Mitsubishi,Lu2-4410-BIT,,,1,เย็บเบาะรถยนต์,,,,,,,,,active,คัน,,,
,CS-009,9X2528,sewing machine ,ASP,Mitsubishi,Lu2-4410-BIT,,,1,เย็บเบาะรถยนต์,,,,,,,12/12/2554,12/12/2554,active,คัน,,,
,CS-010,9X2526,sewing machine ,ASP,Mitsubishi,Lu2-4410-BIT,,,1,เย็บเบาะรถยนต์,,,,,,,12/12/2554,12/12/2554,active,คัน,,,
,CS-011,254949,sewing machine ,ASP,Mitsubishi,Lu2-4410-BIT,,,1,เย็บเบาะรถยนต์,,,,,,,12/12/2554,19/12/2554,active,คัน,,,
,CS-012,375456,sewing machine ,ASP,Mitsubishi,Lu2-4410-BIT,,,1,เย็บเบาะรถยนต์,,,,,,,12/12/2554,19/12/2554,active,คัน,,,
,CS-013,9x2589,sewing machine ,ASP,Mitsubishi,Lu2-4410-BIT,,,1,เย็บเบาะรถยนต์,,,,,,,12/12/2554,19/12/2554,active,คัน,,,
,CS-014,9x2595,sewing machine ,ASP,Mitsubishi,Lu2-4410-BIT,,,1,เย็บเบาะรถยนต์,,,,,,,12/12/2554,19/12/2554,active,คัน,,,
,CS-015,9x2595,sewing machine ,ASP,Mitsubishi,Lu2-4410-BIT,,,1,เย็บเบาะรถยนต์,,,,,,,12/12/2554,19/12/2554,active,คัน,,,
,CS-016,9X2597,sewing machine ,ASP,Mitsubishi,Lu2-4410-BIT,,,1,เย็บเบาะรถยนต์,,,,,,,12/12/2554,19/12/2554,active,คัน,,,
,CS-017,9X2529,sewing machine ,ASP,Mitsubishi,Lu2-4410-BIT,,,1,เย็บเบาะรถยนต์,,,,,,,12/12/2554,19/12/2554,active,คัน,,,
,CS-018,2Y5076,sewing machine ,ASP,Mitsubishi,Lu2-4410-BIT,,,1,เย็บเบาะรถยนต์,,,,,,,12/12/2554,19/12/2554,active,คัน,,,
,CS-019,165840,sewing machine ,ASP,Mitsubishi,Lu2-410-BIT,,,1,เย็บเบาะรถยนต์,,,,,,,12/12/2554,19/12/2554,active,คัน,,,
,CS-020,254957,sewing machine ,ASP,Mitsubishi,Lu2-4410-BIT,,,1,เย็บเบาะรถยนต์,,,,,,,12/12/2554,19/12/2554,active,คัน,,,
,CS-021,320046,sewing machine ,ASP,Mitsubishi,Lu2-4410-BIT,,,1,เย็บเบาะรถยนต์,,,,,,,12/12/2554,19/12/2554,active,คัน,,,
,CS-022,299015,sewing machine ,ASP,Mitsubishi,Lu2-410-BIT,,,1,เย็บเบาะรถยนต์,,,,,,,12/12/2554,19/12/2554,active,คัน,,,
,CS-023,5033518,sewing machine ,ASP,Juki,JH - 1041-H,,,1,เย็บเบาะรถยนต์,,,,,,,12/12/2554,19/12/2554,active,คัน,,,
,CS-024,165839,sewing machine ,ASP,Mitsubishi,Lu2-410-BIT,,,1,เย็บเบาะรถยนต์,,,,,,,12/12/2554,19/12/2554,active,คัน,,,
,CS-025,953477,sewing machine ,ASP,Mitsubishi,Lu2-410-BIT,,,1,เย็บเบาะรถยนต์,,,,,,,12/12/2554,19/12/2554,active,คัน,,,
,CS-026,943411,sewing machine ,ASP,Mitsubishi,Lu2-410-BIT,,,1,เย็บเบาะรถยนต์,,,,,,,12/12/2554,19/12/2554,active,คัน,,,
,CS-027,375442,sewing machine ,ASP,Mitsubishi,Lu2-410-BIT,,,1,เย็บเบาะรถยนต์,,,,,,,12/12/2554,19/12/2554,active,คัน,,,
,CS-028,963570,sewing machine ,ASP,Mitsubishi,Lu2-410-BIT,,,1,เย็บเบาะรถยนต์,,,,,,,,,active,คัน,,,
,CS-029,254947,sewing machine ,ASP,Mitsubishi,Lu2-4410-BIT,,,1,เย็บเบาะรถยนต์,,,,,,,12/12/2554,19/12/2554,active,คัน,,,
,CS-030,254947,sewing machine ,ASP,Mitsubishi,Lu2-4410-BIT,,,1,เย็บเบาะรถยนต์,,,,,,,12/12/2554,19/12/2554,active,คัน,,,
,CS-031,7Y1360,sewing machine ,ASP,Mitsubishi,Lu2-4410-BIT,,,1,เย็บเบาะรถยนต์,,,,,,,12/12/2554,19/12/2554,active,คัน,,,
,CS-032,9X2585,sewing machine ,ASP,Mitsubishi,Lu2-4410-BIT,,,1,เย็บเบาะรถยนต์,,,,,,,12/12/2554,19/12/2554,active,คัน,,,
,CS-033,466116,sewing machine ,ASP,Mitsubishi,Lu2-4410-BIT,,,1,เย็บเบาะรถยนต์,,,,,,,12/12/2554,19/12/2554,active,คัน,,,
,CS-034,375457,sewing machine ,ASP,Mitsubishi,Lu2-4410-BIT,,,1,เย็บเบาะรถยนต์,,,,,,,12/12/2554,19/12/2554,active,คัน,,,
,CS-035,780208,sewing machine ,ASP,Mitsubishi,Lu2-4410-BIT,,,1,เย็บเบาะรถยนต์,,,,,,,12/12/2554,19/12/2554,active,คัน,,,
,CS-036,9X2593,sewing machine ,ASP,Mitsubishi,Lu2-4410-BIT,,,1,เย็บเบาะรถยนต์,,,,,,,12/12/2554,19/12/2554,active,คัน,,,
,CS-037,,sewing machine ,ASP,Mitsubishi,Lu2-4410-BIT,,,1,เย็บเบาะรถยนต์,,,,,,,12/12/2554,19/12/2554,active,คัน,,,
,CS-038,9X2596,sewing machine ,ASP,Mitsubishi,Lu2-4410-BIT,,,1,เย็บเบาะรถยนต์,,,,,,,12/12/2554,19/12/2554,active,คัน,,,
,CS-039,9Z1773,sewing machine ,ASP,Mitsubishi,Lu2-410-BIT,,,1,เย็บเบาะรถยนต์,,,,,,,12/12/2554,19/12/2554,active,คัน,,,
,CS-040,254955,sewing machine ,ASP,Mitsubishi,Lu2-4410-BIT,,,1,เย็บเบาะรถยนต์,,,,,,,12/12/2554,19/12/2554,active,คัน,,,
,CS-041,9X2583,sewing machine ,ASP,Mitsubishi,Lu2-4410-BIT,,,1,เย็บเบาะรถยนต์,,,,,,,12/12/2554,19/12/2554,active,คัน,,,
,CS-042,,sewing machine ,ASP,Mitsubishi,Lu2-4410-BIT,,,1,เย็บเบาะรถยนต์,,,,,,,12/12/2554,19/12/2554,active,คัน,,,
,CS-043,953473,sewing machine ,ASP,Mitsubishi,Lu2-4410-BIT,,,1,เย็บเบาะรถยนต์,,,,,,,12/12/2554,12/12/2554,active,คัน,,,
,CS-044,943397,sewing machine ,ASP,Mitsubishi,Lu2-4410-BIT,,,1,เย็บเบาะรถยนต์,,,,,,,,,active,คัน,,,
,CS-045,953490,sewing machine ,ASP,Mitsubishi,Lu2-4410-BIT,,,1,เย็บเบาะรถยนต์,,,,,,,,,active,คัน,,,
,CS-048,410202,sewing machine ,ASP,Juki,JH-2040-PH,,,1,เย็บเบาะรถยนต์,,,,,,,12/12/2554,12/12/2554,active,คัน,,,
,CS-066,234844,sewing machine ,ASP,Mitsubishi,Lu2-4410-BIT,,,1,เย็บเบาะรถยนต์,,,ร้านมานะชัยรวมจักร,,,,,,active,คัน,,,
,CS-067,662128,sewing machine ,ASP,Mitsubishi,Lu2-4410-BIT,,,1,เย็บเบาะรถยนต์,,,ร้านมานะชัยรวมจักร,,,,,,active,คัน,,,
,CS-068,,sewing machine ,ASP,Mitsubishi,Lu2-4410-BIT,,,1,เย็บเบาะรถยนต์,,,ร้านมานะชัยรวมจักร,,,,,,active,คัน,,,
,CS-069,,sewing machine ,ASP,Mitsubishi,Lu2-4410-BIT,,,1,เย็บเบาะรถยนต์,,,ร้านมานะชัยรวมจักร,,,,,,active,คัน,,,
,CS-070,,sewing machine ,ASP,Mitsubishi,Lu2-4410-BIT,,,1,เย็บเบาะรถยนต์,,,ร้านมานะชัยรวมจักร,,,,,,active,คัน,,,
,CS-071,360126,sewing machine ,ASP,Mitsubishi,Lu2-4410-BIT,xc-fmf-20-05/550w ,,1,เย็บเบาะรถยนต์,,,Asada,,,,,,active,คัน,,,
,CS-072,360130,sewing machine ,ASP,Mitsubishi,Lu2-4410-BIT,xc-fmf-20-05/550w ,,1,เย็บเบาะรถยนต์,,,Asada,,,,,,active,คัน,,,
,CS-073,463577,sewing machine ,ASP,Mitsubishi,Lu2-410-BIT,xc-fmf-20-05/550w ,,1,เย็บเบาะรถยนต์,,,Asada,,,,,,active,คัน,,,
,CS-074,299027,sewing machine ,ASP,Mitsubishi,Lu2-410-BIT,xc-fmf-20-05/550w ,,1,เย็บเบาะรถยนต์,,,Asada,,,,,,active,คัน,,,
,CS-075,1Z6485,sewing machine ,ASP,Mitsubishi,Lu2-410-BIT,xc-fmf-20-05/550w ,,1,เย็บเบาะรถยนต์,,,Asada,,,,,,active,คัน,,,
,CS-076,176058,sewing machine ,ASP,Mitsubishi,Lu2-410-BIT,xc-fmf-20-05/550w ,,1,เย็บเบาะรถยนต์,,,Asada,,,,,,active,คัน,,,
,CS-077,2Y0021,sewing machine ,ASP,Mitsubishi,Lu2-410-BIT,xc-fmf-20-05/550w ,,1,เย็บเบาะรถยนต์,,,Asada,,,,,,active,คัน,,,
,CS-078,780253,sewing machine ,ASP,Mitsubishi,Lu2-410-BIT,xc-fmf-20-05/550w ,,1,เย็บเบาะรถยนต์,,,Asada,,,,,,active,คัน,,,
,CS-079,299029,sewing machine ,ASP,Mitsubishi,Lu2-410-BIT,xc-fmf-20-05/550w ,,1,เย็บเบาะรถยนต์,,,Asada,,,,,,active,คัน,,,
,CS-080,460784,sewing machine ,ASP,Mitsubishi,Lu2-4410-BIT,xc-fmf-20-05/550w ,,1,เย็บเบาะรถยนต์,,,Asada,,,,,,active,คัน,,,
,CS-081,892460,sewing machine   (เข็มคู่),ASP,Mitsubishi,Lu2-410-BIT,xc-fmf-20-05/550w ,,1,เย็บเบาะรถยนต์,,,Asada,,,,,,active,คัน,,,
,CS-082,963568,sewing machine   (เข็มคู่),ASP,Mitsubishi,Lu2-410-BIT,xc-fmf-20-05/550w ,,1,เย็บเบาะรถยนต์,,,Asada,,,,,,active,คัน,,,
,CS-083,943406,sewing machine   (เข็มคู่),ASP,Mitsubishi,Lu2-410-BIT,xc-fmf-20-05/550w ,,1,เย็บเบาะรถยนต์,,,Asada,,,,,,active,คัน,,,
,CS-084,299024,sewing machine   (เข็มคู่),ASP,Mitsubishi,Lu2-410-BIT,xc-fmf-20-05/550w ,,1,เย็บเบาะรถยนต์,,,Asada,,,,,,active,คัน,,,
,CS-085,943419,sewing machine   (เข็มคู่),ASP,Mitsubishi,Lu2-410-BIT,xc-fmf-20-05/550w ,,1,เย็บเบาะรถยนต์,,,Asada,,,,,,active,คัน,,,
,CS-086,360131,sewing machine   (เข็มคู่),ASP,Mitsubishi,Lu2-4410-BIT,xc-fmf-20-05/550w ,,1,เย็บเบาะรถยนต์,,,Asada,,,,,,active,คัน,,,
,CS-087,4Y0097,sewing machine (แปลงจากเข็มคู่เป็นเข็มเดี่ยว),ASP,Mitsubishi,Lu2-4430-BIT,xc-fmf-20-05/550w ,,1,เย็บเบาะรถยนต์,,,Asada,,,,,,active,คัน,,,
,CS-088,4X0157,sewing machine (แปลงจากเข็มคู่เป็นเข็มเดี่ยว),ASP,Mitsubishi,Lu2-4430-BIT,xc-fmf-20-05/550w ,,1,เย็บเบาะรถยนต์,,,Asada,,,,,,active,คัน,,,
,CS-089,7Z1481,sewing machine,ASP,Mitsubishi,Lu2-4410,550w / 15a,42 kg,1,เย็บเบาะรถยนต์,,Mitsubishi,ร้านมานะชัย,,,,,,active,คัน,,,
,CS-090,445960,sewing machine,ASP,Mitsubishi,Lu2-4410,550w / 15a,42 kg,1,เย็บเบาะรถยนต์,,Mitsubishi,ร้านมานะชัย,,,,,,active,คัน,,,
,CS-091,5Y1887,sewing machine,ASP,Mitsubishi,Lu2-4410,550w / 15a,42 kg,1,เย็บเบาะรถยนต์,,Mitsubishi,ร้านมานะชัย,,,,,,active,คัน,,,
,CS-092,9X2556,sewing machine,ASP,Mitsubishi,Lu2-4410,550w / 15a,42 kg,1,เย็บเบาะรถยนต์,,Mitsubishi,ร้านมานะชัย,,,,,,active,คัน,,,
,CS-093,662133,sewing machine,ASP,Mitsubishi,Lu2-4410,550w / 15a,42 kg,1,เย็บเบาะรถยนต์,,Mitsubishi,ร้านมานะชัย,,,,,,active,คัน,,,
,CS-094,657754,sewing machine,ASP,Mitsubishi,Lu2-4410,550w / 15a,42 kg,1,เย็บเบาะรถยนต์,,Mitsubishi,บ.กุลภากวี จำกัด,,,,,,active,คัน,,,
,CS-095,3L8NE00169,sewing machine,ASP,Juki,LU-1510N-7,"550w / 3,000 sti / min",48 kg,1,เย็บเบาะรถยนต์,,Juki Corporation,Juki Thailand,,,,,,active,คัน,,,
,CS-096,3L8NE00170,sewing machine,ASP,Juki,LU-1510N-7,"550w / 3,000 sti / min",48 kg,1,เย็บเบาะรถยนต์,,Juki Corporation,Juki Thailand,,,,,,active,คัน,,,
,CS-097,3L8NE00172,sewing machine,ASP,Juki,LU-1510N-7,"550w / 3,000 sti / min",48 kg,1,เย็บเบาะรถยนต์,,Juki Corporation,Juki Thailand,,,,,,active,คัน,,,
,CS-098,3L8NE00173,sewing machine,ASP,Juki,LU-1510N-7,"550w / 3,000 sti / min",48 kg,1,เย็บเบาะรถยนต์,,Juki Corporation,Juki Thailand,,,,,,active,คัน,,,
,CS-099,3L8NE00177,sewing machine,ASP,Juki,LU-1510N-7,"550w / 3,000 sti / min",48 kg,1,เย็บเบาะรถยนต์,,Juki Corporation,Juki Thailand,,,,,,active,คัน,,,
,CS-100,3L8NE00183,sewing machine,ASP,Juki,LU-1510N-7,"550w / 3,000 sti / min",48 kg,1,เย็บเบาะรถยนต์,,Juki Corporation,Juki Thailand,,,,,,active,คัน,,,
,CS-101,3L8NE00189,sewing machine,ASP,Juki,LU-1510N-7,"550w / 3,000 sti / min",48 kg,1,เย็บเบาะรถยนต์,,Juki Corporation,Juki Thailand,,,,,,active,คัน,,,
,CS-102,3L8NE00190,sewing machine,ASP,Juki,LU-1510N-7,"550w / 3,000 sti / min",48 kg,1,เย็บเบาะรถยนต์,,Juki Corporation,Juki Thailand,,,,,,active,คัน,,,
,CS-103,3L8MC00201,sewing machine,ASP,Juki,LU-1510N-7,"550w / 3,000 sti / min",48 kg,1,เย็บเบาะรถยนต์,,Juki Corporation,Juki Thailand,,,,,,active,คัน,,,
,CS-104,3L8MC00202,sewing machine,ASP,Juki,LU-1510N-7,"550w / 3,000 sti / min",48 kg,1,เย็บเบาะรถยนต์,,Juki Corporation,Juki Thailand,,,,,,active,คัน,,,
,CS-105,3L8ND00205,sewing machine,ASP,Juki,LU-1510N-7,"550w / 3,000 sti / min",48 kg,1,เย็บเบาะรถยนต์,,Juki Corporation,Juki Thailand,,,,,,active,คัน,,,
,CS-106,3L8NE00212,sewing machine,ASP,Juki,LU-1510N-7,"550w / 3,000 sti / min",48 kg,1,เย็บเบาะรถยนต์,,Juki Corporation,Juki Thailand,,,,,,active,คัน,,,
,CS-107,3L8NE00259,sewing machine,ASP,Juki,LU-1510N-7,"550w / 3,000 sti / min",48 kg,1,เย็บเบาะรถยนต์,,Juki Corporation,Juki Thailand,,,,,,active,คัน,,,
,CS-108,3L8NE00261,sewing machine,ASP,Juki,LU-1510N-7,"550w / 3,000 sti / min",48 kg,1,เย็บเบาะรถยนต์,,Juki Corporation,Juki Thailand,,,,,,active,คัน,,,
,CS-109,3L8NE00265,sewing machine,ASP,Juki,LU-1510N-7,"550w / 3,000 sti / min",48 kg,1,เย็บเบาะรถยนต์,,Juki Corporation,Juki Thailand,,,,,,active,คัน,,,
,CS-110,3L8NE00267,sewing machine,ASP,Juki,LU-1510N-7,"550w / 3,000 sti / min",48 kg,1,เย็บเบาะรถยนต์,,Juki Corporation,Juki Thailand,,,,,,active,คัน,,,
,CS-111,3L8NE00268,sewing machine,ASP,Juki,LU-1510N-7,"550w / 3,000 sti / min",48 kg,1,เย็บเบาะรถยนต์,,Juki Corporation,Juki Thailand,,,,,,active,คัน,,,
,CS-112,3L8ME00270,sewing machine,ASP,Juki,LU-1510N-7,"550w / 3,000 sti / min",48 kg,1,เย็บเบาะรถยนต์,,Juki Corporation,Juki Thailand,,,,,,active,คัน,,,
,CS-113,3L8ME00271,sewing machine,ASP,Juki,LU-1510N-7,"550w / 3,000 sti / min",48 kg,1,เย็บเบาะรถยนต์,,Juki Corporation,Juki Thailand,,,,,,active,คัน,,,
,CS-114,3L8MC00272,sewing machine,ASP,Juki,LU-1510N-7,"550w / 3,000 sti / min",48 kg,1,เย็บเบาะรถยนต์,,Juki Corporation,Juki Thailand,,,,,,active,คัน,,,
,CS-115,3L8NE00344,sewing machine,ASP,Juki,LU-1510N-7,"550w / 3,000 sti / min",48 kg,1,เย็บเบาะรถยนต์,,Juki Corporation,Juki Thailand,,,,,,active,คัน,,,
,CS-116,3L8MC00344,sewing machine,ASP,Juki,LU-1510N-7,"550w / 3,000 sti / min",48 kg,1,เย็บเบาะรถยนต์,,Juki Corporation,Juki Thailand,,,,,,active,คัน,,,
,CS-117,3L8MC00400,sewing machine,ASP,Juki,LU-1510N-7,"550w / 3,000 sti / min",48 kg,1,เย็บเบาะรถยนต์,,Juki Corporation,Juki Thailand,,,,,,active,คัน,,,
,CS-118,3L8MC00403,sewing machine,ASP,Juki,LU-1510N-7,"550w / 3,000 sti / min",48 kg,1,เย็บเบาะรถยนต์,,Juki Corporation,Juki Thailand,,,,,,active,คัน,,,
,CS-119,3L8MD00221,sewing machine,ASP,Juki,LU-1510N-7,"550w / 3,000 sti / min",48 kg,1,เย็บเบาะรถยนต์,,Juki Corporation,Juki Thailand,,,,,,active,คัน,,,
,CS-120,3L8NG00011,sewing machine,ASP,Juki,LU-1510N-7,"550w / 3,000 sti / min",48 kg,1,เย็บเบาะรถยนต์,,Juki Corporation,Juki Thailand,,,,,,active,คัน,,,
,CS-121,3L8NG00012,sewing machine,ASP,Juki,LU-1510N-7,"550w / 3,000 sti / min",48 kg,1,เย็บเบาะรถยนต์,,Juki Corporation,Juki Thailand,,,,,,active,คัน,,,
,CS-122,3L8NG00013,sewing machine,ASP,Juki,LU-1510N-7,"550w / 3,000 sti / min",48 kg,1,เย็บเบาะรถยนต์,,Juki Corporation,Juki Thailand,,,,,,active,คัน,,,
,CS-123,3L8NG00015,sewing machine,ASP,Juki,LU-1510N-7,"550w / 3,000 sti / min",48 kg,1,เย็บเบาะรถยนต์,,Juki Corporation,Juki Thailand,,,,,,active,คัน,,,
,CS-124,3L8NG00016,sewing machine,ASP,Juki,LU-1510N-7,"550w / 3,000 sti / min",48 kg,1,เย็บเบาะรถยนต์,,Juki Corporation,Juki Thailand,,,,,,active,คัน,,,
,CS-125,3L8NG00017,sewing machine,ASP,Juki,LU-1510N-7,"550w / 3,000 sti / min",48 kg,1,เย็บเบาะรถยนต์,,Juki Corporation,Juki Thailand,,,,,,active,คัน,,,
,CS-126,3L8NG00019,sewing machine,ASP,Juki,LU-1510N-7,"550w / 3,000 sti / min",48 kg,1,เย็บเบาะรถยนต์,,Juki Corporation,Juki Thailand,,,,,,active,คัน,,,
,CS-127,3L8NG00020,sewing machine,ASP,Juki,LU-1510N-7,"550w / 3,000 sti / min",48 kg,1,เย็บเบาะรถยนต์,,Juki Corporation,Juki Thailand,,,,,,active,คัน,,,
,CS-128,3L8NE00094,sewing machine,ASP,Juki,LU-1510N-7,"550w / 3,000 sti / min",48 kg,1,เย็บเบาะรถยนต์,,Juki Corporation,Juki Thailand,,,,,,active,คัน,,,
,CS-129,3L8ME00243,sewing machine,ASP,Juki,LU-1510N-7,"550w / 3,000 sti / min",48 kg,1,เย็บเบาะรถยนต์,,Juki Corporation,Juki Thailand,,,,,,active,คัน,,,
,CS-130,3L8ME00246,sewing machine,ASP,Juki,LU-1510N-7,"550w / 3,000 sti / min",48 kg,1,เย็บเบาะรถยนต์,,Juki Corporation,Juki Thailand,,,,,,active,คัน,,,
,CS-131,3L8E00247,sewing machine,ASP,Juki,LU-1510N-7,"550w / 3,000 sti / min",48 kg,1,เย็บเบาะรถยนต์,,Juki Corporation,Juki Thailand,,,,,,active,คัน,,,
,CS-132,3L8ME00248,sewing machine,ASP,Juki,LU-1510N-7,"550w / 3,000 sti / min",48 kg,1,เย็บเบาะรถยนต์,,Juki Corporation,Juki Thailand,,,,,,active,คัน,,,
,CS-133,3L8NE00251,sewing machine,ASP,Juki,LU-1510N-7,"550w / 3,000 sti / min",48 kg,1,เย็บเบาะรถยนต์,,Juki Corporation,Juki Thailand,,,,,,active,คัน,,,
,CS-134,3L8NE00252,sewing machine,ASP,Juki,LU-1510N-7,"550w / 3,000 sti / min",48 kg,1,เย็บเบาะรถยนต์,,Juki Corporation,Juki Thailand,,,,,,active,คัน,,,
,CS-135,3L8NE00256,sewing machine,ASP,Juki,LU-1510N-7,"550w / 3,000 sti / min",48 kg,1,เย็บเบาะรถยนต์,,Juki Corporation,Juki Thailand,,,,,,active,คัน,,,
,CS-136,3L8NE00257,sewing machine,ASP,Juki,LU-1510N-7,"550w / 3,000 sti / min",48 kg,1,เย็บเบาะรถยนต์,,Juki Corporation,Juki Thailand,,,,,,active,คัน,,,
,CS-137,3L8NE00260,sewing machine,ASP,Juki,LU-1510N-7,"550w / 3,000 sti / min",48 kg,1,เย็บเบาะรถยนต์,,Juki Corporation,Juki Thailand,,,,,,active,คัน,,,
,CS-138,3L8NE00262,sewing machine,ASP,Juki,LU-1510N-7,"550w / 3,000 sti / min",48 kg,1,เย็บเบาะรถยนต์,,Juki Corporation,Juki Thailand,,,,,,active,คัน,,,
,CS-139,3L8NE00264,sewing machine,ASP,Juki,LU-1510N-7,"550w / 3,000 sti / min",48 kg,1,เย็บเบาะรถยนต์,,Juki Corporation,Juki Thailand,,,,,,active,คัน,,,
,CS-140,3L8NE00266,sewing machine,ASP,Juki,LU-1510N-7,"550w / 3,000 sti / min",48 kg,1,เย็บเบาะรถยนต์,,Juki Corporation,Juki Thailand,,,,,,active,คัน,,,
,CS-141,3L8NE00269,sewing machine,ASP,Juki,LU-1510N-7,"550w / 3,000 sti / min",48 kg,1,เย็บเบาะรถยนต์,,Juki Corporation,Juki Thailand,,,,,,active,คัน,,,
,CS-142,3L8NE00274,sewing machine,ASP,Juki,LU-1510N-7,"550w / 3,000 sti / min",48 kg,1,เย็บเบาะรถยนต์,,Juki Corporation,Juki Thailand,,,,,,active,คัน,,,
,CS-143,3L8NE00275,sewing machine,ASP,Juki,LU-1510N-7,"550w / 3,000 sti / min",48 kg,1,เย็บเบาะรถยนต์,,Juki Corporation,Juki Thailand,,,,,,active,คัน,,,
,CS-144,3L8NE00276,sewing machine,ASP,Juki,LU-1510N-7,"550w / 3,000 sti / min",48 kg,1,เย็บเบาะรถยนต์,,Juki Corporation,Juki Thailand,,,,,,active,คัน,,,
,CS-145,3L8NE00277,sewing machine,ASP,Juki,LU-1510N-7,"550w / 3,000 sti / min",48 kg,1,เย็บเบาะรถยนต์,,Juki Corporation,Juki Thailand,,,,,,active,คัน,,,
,CS-146,3L8NE00278,sewing machine,ASP,Juki,LU-1510N-7,"550w / 3,000 sti / min",48 kg,1,เย็บเบาะรถยนต์,,Juki Corporation,Juki Thailand,,,,,,active,คัน,,,
,CS-147,3L8NE00279,sewing machine,ASP,Juki,LU-1510N-7,"550w / 3,000 sti / min",48 kg,1,เย็บเบาะรถยนต์,,Juki Corporation,Juki Thailand,,,,,,active,คัน,,,
,CS-148,3L8MH00183,sewing machine,ASP,Juki,LU-1560N-7,"550w / 3,000 sti / min",48 kg,1,เย็บเบาะรถยนต์,,Juki Corporation,Juki Thailand,,,,,,active,คัน,,,
,CS-149,3L8NH00052,sewing machine,ASP,Juki,LU-1560N-7,"550w / 3,000 sti / min",48 kg,1,เย็บเบาะรถยนต์,,Juki Corporation,Juki Thailand,,,,,,active,คัน,,,
,CS-150,3L8NH00053,sewing machine,ASP,Juki,LU-1560N-7,"550w / 3,000 sti / min",48 kg,1,เย็บเบาะรถยนต์,,Juki Corporation,Juki Thailand,,,,,,active,คัน,,,
,CS-151,3L8NH00054,sewing machine,ASP,Juki,LU-1560N-7,"550w / 3,000 sti / min",48 kg,1,เย็บเบาะรถยนต์,,Juki Corporation,Juki Thailand,,,,,,active,คัน,,,
,CS-152,3L8ND00109,sewing machine,ASP,Juki,LU-1560N-7,"550w / 3,000 sti / min",48 kg,1,เย็บเบาะรถยนต์,,Juki Corporation,Juki Thailand,,,,,,active,คัน,,,
,CS-153,3L8NG00231,sewing machine,ASP,Juki,LU-1560N-7,"550w / 3,000 sti / min",48 kg,1,เย็บเบาะรถยนต์,,Juki Corporation,Juki Thailand,,,,,,active,คัน,,,
,CS-154,12003,sewing machine ,ASP,Mitsubishi,Lu2-4410-B1T-CS,,,1,เย็บเบาะรถยนต์,,Mitsubishi,,209000,,,3/10/2565,20/9/2565,active,คัน,,,
,CS-155,12004,sewing machine ,ASP,Mitsubishi,Lu2-4410-B1T-CS,,,1,เย็บเบาะรถยนต์,,Mitsubishi,,209000,,,3/10/2565,20/9/2565,active,คัน,,,
,CS-156,12006,sewing machine ,ASP,Mitsubishi,Lu2-4410-B1T-CS,,,1,เย็บเบาะรถยนต์,,Mitsubishi,,209000,,,3/10/2565,20/9/2565,active,คัน,,,
,CS-157,12015,sewing machine ,ASP,Mitsubishi,Lu2-4410-B1T-CS,,,1,เย็บเบาะรถยนต์,,Mitsubishi,,209000,,,3/10/2565,20/9/2565,active,คัน,,,
,CS-158,12015,sewing machine ,ASP,Mitsubishi,Lu2-4410-B1T-CS,,,1,เย็บเบาะรถยนต์,,Mitsubishi,,209000,,,3/10/2565,20/9/2565,active,คัน,,,
,CS-159,12020,sewing machine ,ASP,Mitsubishi,Lu2-4410-B1T-CS,,,1,เย็บเบาะรถยนต์,,Mitsubishi,,209000,,,3/10/2565,20/9/2565,active,คัน,,,
,CS-160,12030,sewing machine ,ASP,Mitsubishi,Lu2-4410-B1T-CS,,,1,เย็บเบาะรถยนต์,,Mitsubishi,,209000,,,3/10/2565,20/9/2565,active,คัน,,,
,CS-161,12031,sewing machine ,ASP,Mitsubishi,Lu2-4410-B1T-CS,,,1,เย็บเบาะรถยนต์,,Mitsubishi,,209000,,,3/10/2565,20/9/2565,active,คัน,,,
,CS-162,12035,sewing machine ,ASP,Mitsubishi,Lu2-4410-B1T-CS,,,1,เย็บเบาะรถยนต์,,Mitsubishi,,209000,,,3/10/2565,20/9/2565,active,คัน,,,
,CS-163,12040,sewing machine ,ASP,Mitsubishi,Lu2-4410-B1T-CS,,,1,เย็บเบาะรถยนต์,,Mitsubishi,,209000,,,3/10/2565,20/9/2565,active,คัน,,,
,CS-164,12041,sewing machine ,ASP,Mitsubishi,Lu2-4410-B1T-CS,,,1,เย็บเบาะรถยนต์,,Mitsubishi,,209000,,,3/10/2565,20/9/2565,active,คัน,,,
,CS-165,12042,sewing machine ,ASP,Mitsubishi,Lu2-4410-B1T-CS,,,1,เย็บเบาะรถยนต์,,Mitsubishi,,209000,,,3/10/2565,20/9/2565,active,คัน,,,
,CS-166,12043,sewing machine ,ASP,Mitsubishi,Lu2-4410-B1T-CS,,,1,เย็บเบาะรถยนต์,,Mitsubishi,,209000,,,3/10/2565,20/9/2565,active,คัน,,,
,CS-167,12047,sewing machine ,ASP,Mitsubishi,Lu2-4410-B1T-CS,,,1,เย็บเบาะรถยนต์,,Mitsubishi,,209000,,,3/10/2565,20/9/2565,active,คัน,,,
,CS-168,12050,sewing machine ,ASP,Mitsubishi,Lu2-4410-B1T-CS,,,1,เย็บเบาะรถยนต์,,Mitsubishi,,209000,,,3/10/2565,20/9/2565,active,คัน,,,
,CS-169,,sewing machine ,ASP,Mitsubishi,Lu2-4410-B1T-CS,,,1,เย็บเบาะรถยนต์,,Mitsubishi,,,,,,,active,คัน,,,
,CS-170,,sewing machine ,ASP,Mitsubishi,Lu2-4410-B1T-CS,,,1,เย็บเบาะรถยนต์,,Mitsubishi,,198000,,,,21/4/2566,active,คัน,,,
,CS-171,31301,sewing machine ,ASP,Mitsubishi,Lu2-4410-B1T-CS,,,1,เย็บเบาะรถยนต์,,Mitsubishi,,198000,,,,21/4/2566,active,คัน,,,
,CS-172,61021,sewing machine ,ASP,Mitsubishi,Lu2-4410-B1T-CS,,,1,เย็บเบาะรถยนต์,,Mitsubishi,,198000,,,,21/4/2566,active,คัน,,,
,CS-173,61033,sewing machine ,ASP,Mitsubishi,Lu2-4410-B1T-CS,,,1,เย็บเบาะรถยนต์,,Mitsubishi,,'198000,,,,21/4/2566,active,คัน,,,
,CS-174,61034,sewing machine ,ASP,Mitsubishi,Lu2-4410-B1T-CS,,,1,เย็บเบาะรถยนต์,,Mitsubishi,,'198000,,,,21/4/2566,active,คัน,,,
,CS-175,61038,sewing machine ,ASP,Mitsubishi,Lu2-4410-B1T-CS,,,1,เย็บเบาะรถยนต์,,Mitsubishi,,'198000,,,,21/4/2566,active,คัน,,,
,SC-001,X7970,Sewing Computer controlled cycle,ACP,Juki,AMS - 224 EN / HC 10050,,770 kg,1,PD,,Juki coporation,KMCC,"2,831,960 (83000 USD)",K'สุรัตน์ 095-4866446,18/7/2558,18/7/2558,18/7/2558,active,เครื่อง,,,
,SC-002,2A3K300241,Sewing Computer controlled cycle,ACP,Juki,AMS - 224 EN HC6060SZ / X77012KS,x600 mm Y700 mm / 550 kw,718 kg,1,PD,,Juki coporation,,"1,934,900 (55,000 USD)",K'สุรัตน์ 095-4866446,18/11/2559,18/11/2559,18/11/2559,active,เครื่อง,,,
,SC-003,2A3KJ00178,Sewing Computer controlled cycle,ACP,Juki,AMS - 224 EN HC6060SZ / X77012KS,x600 mm Y700 mm / 550 kw,718 kg,1,PD,,Juki coporation,,"1,934,900 (55,000 USD)",K'สุรัตน์ 095-4866446,18/11/2559,18/11/2559,18/11/2559,active,เครื่อง,,,
,SC-004,2A3KJ00177,Sewing Computer controlled cycle,ACP,Juki,AMS - 224 EN HC6060SZ / X77012KS,x600 mm Y700 mm / 550 kw,718 kg,1,PD,,Juki coporation,,"1,934,900 (55,000 USD)",K'สุรัตน์ 095-4866446,18/11/2559,18/11/2559,18/11/2559,active,เครื่อง,,,
,SC-005,2A3KJ00240,Sewing Computer controlled cycle,ACP,Juki,AMS - 224 EN HC6060SZ / X77012KS,x600 mm Y700 mm / 550 kw,718 kg,1,PD,,Juki coporation,,"1,934,900 (55,000 USD)",K'สุรัตน์ 095-4866446,18/11/2559,18/11/2559,18/11/2559,active,เครื่อง,,,
,SC-006,2A3KK00168,Sewing Computer controlled cycle,ACP,Juki,AMS - 224 EN HC6060SZ / X77012KS,x600 mm Y700 mm / 550 kw,718 kg,1,PD,,Juki coporation,,"1,934,900 (55,000 USD)",K'สุรัตน์ 095-4866446,18/11/2559,18/11/2559,18/11/2559,active,เครื่อง,,,
,SC-007,2A3KK00167,Sewing Computer controlled cycle,ACP,Juki,AMS - 224 EN HC6060SZ / X77012KS,x600 mm Y700 mm / 550 kw,718 kg,1,PD,,Juki coporation,,"1,934,900 (55,000 USD)",K'สุรัตน์ 095-4866446,18/11/2559,18/11/2559,18/11/2559,active,เครื่อง,,,
,SC-008,2A3KK00114,Sewing Computer controlled cycle,ACP,Juki,AMS - 224 EN HC6060SZ / X77012KS,x600 mm Y700 mm / 550 kw,718 kg,1,PD,,Juki coporation,,"1,934,900 (55,000 USD)",K'สุรัตน์ 095-4866446,18/11/2559,18/11/2559,18/11/2559,active,เครื่อง,,,
,SC-009,2A3KL00085,Sewing Computer controlled cycle,ACP,Juki,AMS - 224 EN HC6060SZ / X77012KS,x600 mm Y700 mm / 550 kw,718 kg,1,PD,,Juki coporation,,"1,934,900 (55,000 USD)",K'สุรัตน์ 095-4866446,18/11/2559,18/11/2559,18/11/2559,active,เครื่อง,,,
,SC-010,2A3KL00165,Sewing Computer controlled cycle,ACP,Juki,AMS - 224 EN HC6060SZ / X77012KS,x600 mm Y700 mm / 550 kw,718 kg,1,PD,,Juki coporation,,"1,934,900 (55,000 USD)",K'สุรัตน์ 095-4866446,2/3/2560,2/3/2560,2/3/2560,active,เครื่อง,,,
,SC-011,2A3KL00084,Sewing Computer controlled cycle,ACP,Juki,AMS - 224 EN HC6060SZ / X77012KS,x600 mm Y700 mm / 550 kw,718 kg,1,PD,,Juki coporation,,"1,934,900 (55,000 USD)",K'สุรัตน์ 095-4866446,2/3/2560,2/3/2560,2/3/2560,active,เครื่อง,,,
,SC-012,2A3KL00164,Sewing Computer controlled cycle,ACP,Juki,AMS - 224 EN HC6060SZ / X77012KS,x600 mm Y700 mm / 550 kw,718 kg,1,PD,,Juki coporation,,"1,934,900 (55,000 USD)",K'สุรัตน์ 095-4866446,2/3/2560,2/3/2560,2/3/2560,active,เครื่อง,,,
,SC-013,11PBSB0016,Sewing Computer controlled cycle,ACP,Juki,PLK-J6040R-KC,,,1,PD,,Juki coporation,,,K'สุรัตน์ 095-4866446,19/6/2566,19/6/2566,19/6/2566,active,เครื่อง,,,
,SC-014,11PBSB0017,Sewing Computer controlled cycle,ACP,Juki,PLK-J6040R-KC,,,1,PD,,Juki coporation,,,K'สุรัตน์ 095-4866446,19/6/2566,19/6/2566,19/6/2566,active,เครื่อง,,,
,SC-015,11PBSB0018,Sewing Computer controlled cycle,ACP,Juki,PLK-J6040R-KC,,,1,PD,,Juki coporation,,,K'สุรัตน์ 095-4866446,27/6/2566,27/6/2566,28/6/2566,active,เครื่อง,,,
,SC-016,2A3SE00029,Sewing Computer controlled cycle,ACP,Juki,AMS-251HC-10060RSZZ-NSH,,,1,PD,,Juki coporation,,"4,100,000",K'สุรัตน์ 095-4866446,12/7/2566,12/7/2566,12/7/2566,active,เครื่อง,,,
,SE-262 ,5987699,จักรอุตสาหกรรม (พ้ง),ACP,Pegasus,R53-01,Motor : 250 w,,1,เย็บเบาะรถยนต์,,0,ห.จ.ก มานะชัยรวมจักร,"8,800 บ.",,23/11/2546,28/11/2546,28/11/2546,active,คัน,,,
,SE-314,0322543,จักรอุตสาหกรรม (พ้ง),ACP,Pegasus,M852-13H,"Motor : 240 w/2,850 rpm / 250 w",,1,เย็บเบาะรถยนต์,,0,บ.บราเดอร์เซลล์ แอนด์ เซอร์วิส จำกัด,"30,000 บ.",,24/4/2563,24/4/2563,24/4/2563,active,คัน,,,
,SE-315,0322559,จักรอุตสาหกรรม (พ้ง),ACP,Pegasus,M852-13H,"Motor : 240 w/2,850 rpm / 250 w",,1,เย็บเบาะรถยนต์,,0,บ.บราเดอร์เซลล์ แอนด์ เซอร์วิส จำกัด,"30,000 บ.",,24/4/2563,24/4/2563,24/4/2563,active,คัน,,,
,SE-316,0650244,จักรอุตสาหกรรม (พ้ง),ACP,Pegasus,M952-17,1/3 HP / 2850 rpm 220v,,1,เย็บเบาะรถยนต์,,0,บ.พาราวินเซอร์ จำกัด,"33,220 บ.",,21/8/2558,21/8/2558,21/8/2558,active,คัน,,,
,SE-320,0734278,จักรอุตสาหกรรม (พ้ง),ACP,Pegasus,Ext5214-M03,1/3 HP (250W)  2850 rpm 220v,,1,เย็บเบาะรถยนต์,,"Pegasus sewing machine MFG.Co.,LTD",บ.พาราวินเซอร์ จำกัด,"93,420 บ.",,10/1/2560,,10/1/2560,active,คัน,,,
,SE-321,0734276,จักรอุตสาหกรรม (พ้ง),ACP,Pegasus,Ext5214-M03,1/3 HP (250W)  2850 rpm 220v,,1,เย็บเบาะรถยนต์,,"Pegasus sewing machine MFG.Co.,LTD",บ.พาราวินเซอร์ จำกัด,"93,420 บ.",,10/1/2560,,10/1/2560,active,คัน,,,
,SE-322,0734282,จักรอุตสาหกรรม (พ้ง),ACP,Pegasus,Ext5214-M03,1/3 HP (250W)  2850 rpm 220v,,1,เย็บเบาะรถยนต์,,"Pegasus sewing machine MFG.Co.,LTD",บ.พาราวินเซอร์ จำกัด,"93,420 บ.",,10/1/2560,,10/1/2560,active,คัน,,,
,SE-323,0744723,จักรอุตสาหกรรม (พ้ง),ACP,Pegasus,Ext5214-M03,1/3 HP (250W)  2850 rpm 220v,,1,PD,,"Pegasus sewing machine MFG.Co.,LTD",บ.พาราวินเซอร์ จำกัด,"93,420 บ.",,8/5/2560,,8/5/2560,active,คัน,,,
,SE-324,0744724,จักรอุตสาหกรรม (พ้ง),ACP,Pegasus,Ext5214-M03,1/3 HP (250W)  2850 rpm 220v,,1,PD,,"Pegasus sewing machine MFG.Co.,LTD",บ.พาราวินเซอร์ จำกัด,"93,420 บ.",,8/5/2560,,8/5/2560,active,คัน,,,
,SE-325,0744729,จักรอุตสาหกรรม (พ้ง),ACP,Pegasus,Ext5214-M03,1/3 HP (250W)  2850 rpm 220v,,1,PD,,"Pegasus sewing machine MFG.Co.,LTD",บ.พาราวินเซอร์ จำกัด,"93,420 บ.",,8/5/2560,,8/5/2560,active,คัน,,,
,SE-326,0744730,จักรอุตสาหกรรม (พ้ง),ACP,Pegasus,Ext5214-M03,1/3 HP (250W)  2850 rpm 220v,,1,PD,,"Pegasus sewing machine MFG.Co.,LTD",บ.พาราวินเซอร์ จำกัด,"93,420 บ.",,8/5/2560,,8/5/2560,active,คัน,,,
,SE-327,0744731,จักรอุตสาหกรรม (พ้ง),ACP,Pegasus,Ext5214-M03,1/3 HP (250W)  2850 rpm 220v,,1,PD,,"Pegasus sewing machine MFG.Co.,LTD",บ.พาราวินเซอร์ จำกัด,"93,420 บ.",,8/5/2560,,8/5/2560,active,คัน,,,
,SE-328,0683950,จักรอุตสาหกรรม (พ้ง),ACP,Pegasus,M952-17-4,1/3 HP (250W)  2850 rpm 220v,,1,PD,,"Pegasus sewing machine MFG.Co.,LTD",บ.พาราวินเซอร์ จำกัด,"34,920 บ.",,2/10/2560,2/10/2560,4/10/2560,active,คัน,,,
,SE-329,0683977,จักรอุตสาหกรรม (พ้ง),ACP,Pegasus,M952-17-4,1/3 HP (250W)  2850 rpm 220v,,1,PD,,"Pegasus sewing machine MFG.Co.,LTD",บ.พาราวินเซอร์ จำกัด,"34,920 บ.",,2/10/2560,2/10/2560,4/10/2560,active,คัน,,,
,SE-330,0683969,จักรอุตสาหกรรม (พ้ง),ACP,Pegasus,M952-17-4,1/3 HP (250W)  2850 rpm 220v,,1,PD,,"Pegasus sewing machine MFG.Co.,LTD",บ.พาราวินเซอร์ จำกัด,"34,920 บ.",,2/10/2560,2/10/2560,4/10/2560,active,คัน,,,
,SE-331,0683971,จักรอุตสาหกรรม (พ้ง),ACP,Pegasus,M952-17-4,1/3 HP (250W)  2850 rpm 220v,,1,PD,,"Pegasus sewing machine MFG.Co.,LTD",บ.พาราวินเซอร์ จำกัด,"34,920 บ.",,2/10/2560,2/10/2560,4/10/2560,active,คัน,,,
,EC-01,500010,KM SHUTTLE CUTTER,ACP,,KE - ATU 100 VOLIS / 9000 rpm 50 / 60 HZ,,,1,,,KM SHUTTLE CUTTER,KM CLOTH CUTTING MACHINE,,,,,,active,เครื่อง,,,
,EC-02,15E018U,KM SHUTTLE CUTTER,ACP,,KE - ATU 100 VOLIS / 8000 rpm 50 / 60 HZ,,,1,,,KM SHUTTLE CUTTER,KM CLOTH CUTTING MACHINE,,,,,,active,เครื่อง,,,
,EC-03,,Cutting Machine (เครื่องตัด),ACP,,STP / EC-03N,,,1,,,,,,,,,,active,เครื่อง,,,
,EC-04,,Cutting Machine (เครื่องตัด),ACP,,STP / EC-03N,,,1,,,,,,,,,,active,เครื่อง,,,
,EC-05,,Cutting Machine (เครื่องตัด),ACP,,STP / EC-03N,,,1,,,,,,,,,,active,เครื่อง,,,
,HF-01,25091005,High frequency machine,ACP,Zeus,TIL-15KWS ,15 Kw (20HP),,1,PD,อาคาร 7,,บ.ไทยอินเตอร์ แลมป์ จำกัด,711000,086-9747083 (คุณศิริโชค),17/10/2568,,17/10/2568,active,เครื่อง,,,
,HP-01,20021025-21,Hydraunic press,ACP,,DT60T 75-125,750 x 1250 mm 60 Tons 7.5 HP,5 Ton,1,PD,,Manas Automation,,652700,,25/10/2545,25/10/2545,25/10/2545,active,เครื่อง,,,
,HP-02,20030924-14,Hydraunic press,ACP,,DT130T / 120 - 240,15 HP,"8,000 Kg",1,PD,,Manas Automation,,1391000,081-8542667 (คุณราตรี),25/9/2546,26/9/2546,1/10/2546,active,เครื่อง,,,
,HP-03,60070816032,Hydraunic press,ACP,,DT60T / 75-120,"8,000kg / 60 Ton / 7-5 HP","2,800 Kg",1,PD,,Manas Automation,บ. ณัฐ แมชชีน เนอรี จำกัด,702000,02-8493076,15/8/2550,15/8/2550,17/8/2550,active,เครื่อง,,,
,HP-05,,เครื่องอัดกาว,ACP,,,15 HP,,1,PD,หน้าสโตร์หนัง,,,,,,10/8/2565,1/7/2565,active,เครื่อง,,,
,PF-01,627,Perforating machine (เครื่องเจาะรู),ACP,Ring,ST 850 - TRA,7 kw,"1,200 kg",1,เจาะรู / PD,,Ring Maschinenbau Gmbh,,1324971.83 บ.,,,1/6/2546,1/6/2546,active,เครื่อง,,,
,PF-02,1085,Perforating machine (เครื่องเจาะรู),ACP,Ring,ST800-D,210 x 210 x 160 cm / 9 kw,"2,300 kg",1,เจาะรู / PD,,Ring Maschinenbau Gmbh,,"43,00 enr",,15/8/2555,17/8/2555,17/8/2555,active,เครื่อง,,,
,PF-03,746,Perforating machine (เครื่องเจาะรู),ACP,Ring,ST90D-1600,"W2,100 x L2,100 x H 1,600 mm / 9 KW","2,3 Ton",1,เจาะรู / PD,,Ring Maschinenbau Gmbh,บ. สิทธินนท์,300000,,19/12/2557,,19/12/2557,active,เครื่อง,,,
,PF-04,1367,Perforating machine (เครื่องเจาะรู),ACP,Ring,ST800-D,"W2,100 x L2,100 x H 1,600 mm / 9 KW","2,300 Kg",1,เจาะรู / PD,,Ring Maschinenbau Gmbh,,"1913494.20 (50,945 EUR)",,7/3/2560,,8/3/2560,active,เครื่อง,,,
,PF-05,1510,Perforating machine (เครื่องเจาะรู),ACP,Ring,ST1050-D-EM,"400 VAC , 20A , 12 KW","3,400 Kg",1,เจาะรู / PD,,Ring Maschinenbau Gmbh,,210515.25 EUR,,10/11/2561,,10/11/2561,active,เครื่อง,,,
,PF-06,1561,Perforating machine (เครื่องเจาะรู),ACP,Ring,ST800-D-12,9 kva / 16 a / 400 vac,2300 Kg,1,เจาะรู / PD,,Ring Maschinenbau Gmbh,,"1857094.25 (53,075 EUR)",,20/7/2562,,20/7/2562,active,เครื่อง,,,
,PF-07,1688,Perforating machine (เครื่องเจาะรู),ACP,Ring,ST1050-D-12WT-ME,,,1,เจาะรู / PD,,Ring Maschinenbau Gmbh,,,,8/2/2566,,8/2/2566,active,เครื่อง,,,
,PF-08,1689,Perforating machine (เครื่องเจาะรู),ACP,Ring,ST1050-D-12WT-ME,,,1,เจาะรู / PD,,Ring Maschinenbau Gmbh,,,,8/2/2566,,8/2/2566,active,เครื่อง,,,
,RP-01,2512,Roller press Machine,ACP,,RST2600-400s,"2970 x 6600 x1290 mm , 6-75 kw","2,000 kg",1,PD,,Diamat maschinerbua,Diamat maschinerbua,,,,13/8/2542,20/4/2543,active,เครื่อง,,,
,RP-02,2444,Roller cutter : 8 Preparation tables.,ACP,,RST2600-400s,"2970 x 6600 x1290 mm , 6-75 kw","2,000 kg",1,PD,,Diamat maschinerbua,Diamat maschinerbua,,086-3351730 K' วสันต์,,7/2/2543,20/4/2543,active,เครื่อง,,,
,RP-04,,Roller cutter : 8 Preparation tables.,ACP,,RST2600-400s,320 x 215 x 160 cm /4 kw,"2,000 kg",1,PD,,Diamat maschinerbua,Diamat maschinerbua,3523493.6,,,6/1/2547,6/1/2547,active,เครื่อง,,,
,RP-05,25170127001,Roller cutter : 8 Preparation tables.,ACP,,,แรงกด 20 ตัด / kw,,1,PD,,Manas Automation,Nut Machinery,6420000,"02-8493096, 02-8493351",2/2/2560,,,active,เครื่อง,,,
,NC-03,12I5823,NC- Cutting Machine,ACP,Lectra,Vector - iH8,30 Kw,"3,500 kg",1,ตัดวัสดุ,,Lectra SA / France,KMC,"9,341,777.57 (305,786.50 us)","02-7458555,086-3186562 (K.นัทชา)",28/9/2555,10/10/2555,10/10/2555,active,เครื่อง,,,
,NC-04,17SE5838,NC- Cutting Machine,ACP,Lectra,VT-AU-iQ80-71,30 Kw,"3,500 kg",1,ตัดวัสดุ,,Lectra SA / France,,"5,760,376.72 (177,351.50 Usd)",095-2056202 (K.จาตุรงค์),14/12/2560,,14/12/2560,active,เครื่อง,,,
,NC-05,22DE5830,NC- Cutting Machine,ACP,Lectra,VT-AU-iQ80-71,30 Kw,"3,500 kg",1,ตัดวัสดุ,,Lectra SA / France,,,02-7486515-6,17/3/2566,,17/3/2566,active,เครื่อง,,,
,DP-02,,เครื่องอัดลาย (Dim Ple),ACP,,SC25T,,,1,PD,,,,,,,,,active,เครื่อง,,,
,SW-1,,เครื่องตัดแขนเหวี่ยง (Swing Arm),ACP,,,,,1,เจาะรู / PD,อาคาร 7,,,,,,,,active,เครื่อง,,,
,AR-01,,เครื่อง Robot,ACP,Dobot,CR 5,5 kg / 150W,25 kg,1,เจาะรู / PD,อาคาร 7,,"TECHY MECHATRONICS & SUPPLY LTD.,PART",,,,,,active,เครื่อง,ใช้กับเครื่อง PF-05,,
,AR-02,,เครื่อง Robot,ACP,Dobot,CR 5,5 kg / 150W,25 kg,1,เจาะรู / PD,อาคาร 7,,"TECHY MECHATRONICS & SUPPLY LTD.,PART",,,,,,active,เครื่อง,ใช้กับเครื่อง PF-08,,
,AR-03,,เครื่อง Robot,ACP,Dobot,CR 5,5 kg / 150W,25 kg,1,เจาะรู / PD,อาคาร 7,,"TECHY MECHATRONICS & SUPPLY LTD.,PART",,,,,,active,เครื่อง,ใช้กับเครื่อง PF-07,,
